Index,Input Image Paths,Depth Image Paths,Optical Flow Image Paths,Output Image Paths,Px,Py,Pz,Vx,Vy,Vz,Rx,Ry,Rz,RVx,RVy,RVz,Lx,Ly,Lz
0,D:/Things to code/Machine Learning/Project Grass/Assets/TrainingData/Inputs/0_input.jpg,./Assets/TrainingData/Depth/0_synth_depth.png,./Assets/TrainingData/OFlow/0_synth_oflow.png,D:/Things to code/Machine Learning/Project Grass/Assets/TrainingData/Outputs/0_output.jpg,-12.09484,8.053462,28.25,0,0,0,0,351.05,0,0,0,0,0.1658587,0.7443705,0.4309221
1,D:/Things to code/Machine Learning/Project Grass/Assets/TrainingData/Inputs/1_input.jpg,./Assets/TrainingData/Depth/1_synth_depth.png,./Assets/TrainingData/OFlow/1_synth_oflow.png,D:/Things to code/Machine Learning/Project Grass/Assets/TrainingData/Outputs/1_output.jpg,-15.66729,5.537059,34.7305,0,0,0,0,215.2001,0,0,0,0,-0.242893,0.9702529,-1.356596
2,D:/Things to code/Machine Learning/Project Grass/Assets/TrainingData/Inputs/2_input.jpg,./Assets/TrainingData/Depth/2_synth_depth.png,./Assets/TrainingData/OFlow/2_synth_oflow.png,D:/Things to code/Machine Learning/Project Grass/Assets/TrainingData/Outputs/2_output.jpg,-25.30501,9.355824,26.18277,0,-8.869171E-05,0,0,223.0507,0,0,0,0,-0.3597378,0.6994876,-1.2858
3,D:/Things to code/Machine Learning/Project Grass/Assets/TrainingData/Inputs/3_input.jpg,./Assets/TrainingData/Depth/3_synth_depth.png,./Assets/TrainingData/OFlow/3_synth_oflow.png,D:/Things to code/Machine Learning/Project Grass/Assets/TrainingData/Outputs/3_output.jpg,-27.33339,9.022083,24.02316,0,-8.392334E-05,0,0,223.0508,0,0,0,0,-0.3611515,0.7832156,-1.287312
0,D:/TrainingData/Inputs/0_input.jpg,D:/TrainingData/Depth/0_synth_depth.png,D:/TrainingData/OFlow/0_synth_oflow.png,D:/TrainingData/Outputs/0_output.jpg,-11.77677,8.317598,27.18843,-0.01904297,-0.03885365,0.06394768,13.15395,343.4168,2.191946E-07,0,0,0,0.04347518,0.538476,0.3765894
0,D:/TrainingData/Inputs/0_input.jpg,D:/TrainingData/Depth/0_synth_depth.png,D:/TrainingData/OFlow/0_synth_oflow.png,D:/TrainingData/Outputs/0_output.jpg,-12.04563,8.226793,27.2492,-0.003138542,-0.01553822,0.06655502,9.453991,357.3,-1.487629E-07,0,0,0,0.2749274,0.6017889,0.4286523
1,D:/TrainingData/Inputs/1_input.jpg,D:/TrainingData/Depth/1_synth_depth.png,D:/TrainingData/OFlow/1_synth_oflow.png,D:/TrainingData/Outputs/1_output.jpg,-11.81381,7.814309,28.22818,-0.01958847,-0.03078604,0.06302071,8.545658,342.7335,-1.079199E-07,0,0,0,0.02787223,0.617447,0.387662
2,D:/TrainingData/Inputs/2_input.jpg,D:/TrainingData/Depth/2_synth_depth.png,D:/TrainingData/OFlow/2_synth_oflow.png,D:/TrainingData/Outputs/2_output.jpg,-12.00202,7.466927,28.78936,-0.01938915,-0.01554203,0.06375504,6.820682,343.0835,-8.598591E-07,0,0,0,0.03247496,0.647282,0.3932881
3,D:/TrainingData/Inputs/3_input.jpg,D:/TrainingData/Depth/3_synth_depth.png,D:/TrainingData/OFlow/3_synth_oflow.png,D:/TrainingData/Outputs/3_output.jpg,-12.48043,7.13131,29.37584,-0.005292892,-0.04606581,0.06578064,7.004003,355.4,-7.257876E-07,0,0,0,0.2417935,0.6441057,0.4326701
4,D:/TrainingData/Inputs/4_input.jpg,D:/TrainingData/Depth/4_synth_depth.png,D:/TrainingData/OFlow/4_synth_oflow.png,D:/TrainingData/Outputs/4_output.jpg,-12.80759,6.922694,29.99518,0.008657455,-0.03898621,0.06620789,9.112312,7.449884,-6.485146E-07,0,0,0,0.4494164,0.6076741,0.4223745
5,D:/TrainingData/Inputs/5_input.jpg,D:/TrainingData/Depth/5_synth_depth.png,D:/TrainingData/OFlow/5_synth_oflow.png,D:/TrainingData/Outputs/5_output.jpg,-13.10188,6.65266,30.84482,0.02872562,-0.01546955,0.0599556,9.362319,25.59971,-2.16325E-07,0,0,0,0.7477195,0.6033673,0.3331512
6,D:/TrainingData/Inputs/6_input.jpg,D:/TrainingData/Depth/6_synth_depth.png,D:/TrainingData/OFlow/6_synth_oflow.png,D:/TrainingData/Outputs/6_output.jpg,-12.62972,6.243793,31.63802,0.02632999,-0.02708817,0.06158066,6.545701,23.14974,3.222659E-07,0,0,0,0.7119665,0.6520488,0.3568162
7,D:/TrainingData/Inputs/7_input.jpg,D:/TrainingData/Depth/7_synth_depth.png,D:/TrainingData/OFlow/7_synth_oflow.png,D:/TrainingData/Outputs/7_output.jpg,-11.24859,5.751998,33.46382,-0.02433872,-0.03102827,0.06173706,13.63727,338.4835,4.392708E-07,0,0,0,-0.03503492,0.5302701,0.3474142
8,D:/TrainingData/Inputs/8_input.jpg,D:/TrainingData/Depth/8_synth_depth.png,D:/TrainingData/OFlow/8_synth_oflow.png,D:/TrainingData/Outputs/8_output.jpg,-11.50146,5.524693,35.04594,-0.04863358,-0.01577663,0.04628372,20.12889,313.5837,-4.546569E-07,0,0,0,-0.3587299,0.4219112,0.09063476
9,D:/TrainingData/Inputs/9_input.jpg,D:/TrainingData/Depth/9_synth_depth.png,D:/TrainingData/OFlow/9_synth_oflow.png,D:/TrainingData/Outputs/9_output.jpg,-12.14702,5.271653,35.95473,-0.05645752,0.003075123,0.0337677,13.30396,300.8839,4.386591E-07,0,0,0,-0.5137836,0.5359275,-0.05714577
0,D:/TrainingData/Inputs/0_input.jpg,D:/TrainingData/Depth/0_synth_depth.png,D:/TrainingData/OFlow/0_synth_oflow.png,D:/TrainingData/Outputs/0_output.jpg,-11.37554,6.810874,32.21483,0.007410049,-0.003081322,0.01198578,16.46231,31.73301,-3.115942E-06,0,0,0,0.8257945,0.4826598,0.2589723
0,D:/TrainingData/Inputs/0_input.jpg,D:/TrainingData/Depth/0_synth_depth.png,D:/TrainingData/OFlow/0_synth_oflow.png,D:/TrainingData/Outputs/0_output.jpg,-12.37951,6.364485,31.20109,-0.0004816055,-0.002407551,0.004497528,9.979001,353.8834,-5.418053E-08,0,0,0,0.2164535,0.5927572,0.4225941
1,D:/TrainingData/Inputs/1_input.jpg,D:/TrainingData/Depth/1_synth_depth.png,D:/TrainingData/OFlow/1_synth_oflow.png,D:/TrainingData/Outputs/1_output.jpg,-12.40154,6.25443,31.4067,-0.02203369,-0.110055,0.2056046,9.979002,353.8834,-5.418053E-08,0,0,0,0.2164535,0.5927572,0.4225941
2,D:/TrainingData/Inputs/2_input.jpg,D:/TrainingData/Depth/2_synth_depth.png,D:/TrainingData/OFlow/2_synth_oflow.png,D:/TrainingData/Outputs/2_output.jpg,-12.41638,6.190895,31.54517,-0.01483917,-0.06353474,0.1384697,9.979001,353.8834,-5.418053E-08,0,0,0,0.2164535,0.5927572,0.4225941
3,D:/TrainingData/Inputs/3_input.jpg,D:/TrainingData/Depth/3_synth_depth.png,D:/TrainingData/OFlow/3_synth_oflow.png,D:/TrainingData/Outputs/3_output.jpg,-12.43102,6.132075,31.68172,-0.01463318,-0.05882025,0.1365547,9.979002,353.8834,-1.083611E-07,0,0,0,0.2164535,0.5927572,0.4225941
4,D:/TrainingData/Inputs/4_input.jpg,D:/TrainingData/Depth/4_synth_depth.png,D:/TrainingData/OFlow/4_synth_oflow.png,D:/TrainingData/Outputs/4_output.jpg,-12.44542,6.074167,31.81615,-0.0144062,-0.05790758,0.1344337,9.979002,353.8834,-1.083611E-07,0,0,0,0.2164535,0.5927572,0.4225941
5,D:/TrainingData/Inputs/5_input.jpg,D:/TrainingData/Depth/5_synth_depth.png,D:/TrainingData/OFlow/5_synth_oflow.png,D:/TrainingData/Outputs/5_output.jpg,-12.45974,6.016623,31.94975,-0.01431561,-0.05754471,0.1335907,9.979003,353.8834,-1.083611E-07,0,0,0,0.2164535,0.5927572,0.4225941
6,D:/TrainingData/Inputs/6_input.jpg,D:/TrainingData/Depth/6_synth_depth.png,D:/TrainingData/OFlow/6_synth_oflow.png,D:/TrainingData/Outputs/6_output.jpg,-12.47408,5.956141,32.0836,-0.01434422,-0.06048203,0.1338539,9.979003,353.8834,-1.625416E-07,0,0,0,0.2164535,0.5927572,0.4225941
7,D:/TrainingData/Inputs/7_input.jpg,D:/TrainingData/Depth/7_synth_depth.png,D:/TrainingData/OFlow/7_synth_oflow.png,D:/TrainingData/Outputs/7_output.jpg,-12.48862,5.891841,32.21923,-0.014534,-0.06429958,0.1356277,9.979004,353.8834,-1.083611E-07,0,0,0,0.2164535,0.5927571,0.4225941
8,D:/TrainingData/Inputs/8_input.jpg,D:/TrainingData/Depth/8_synth_depth.png,D:/TrainingData/OFlow/8_synth_oflow.png,D:/TrainingData/Outputs/8_output.jpg,-12.50298,5.828221,32.35328,-0.01436615,-0.06361961,0.1340561,9.979003,353.8834,-1.625416E-07,0,0,0,0.2164535,0.5927572,0.4225941
9,D:/TrainingData/Inputs/9_input.jpg,D:/TrainingData/Depth/9_synth_depth.png,D:/TrainingData/OFlow/9_synth_oflow.png,D:/TrainingData/Outputs/9_output.jpg,-12.51761,5.770174,32.48982,-0.01463127,-0.05804777,0.1365356,9.979004,353.8834,-1.083611E-07,0,0,0,0.2164535,0.5927571,0.4225941
10,D:/TrainingData/Inputs/10_input.jpg,D:/TrainingData/Depth/10_synth_depth.png,D:/TrainingData/OFlow/10_synth_oflow.png,D:/TrainingData/Outputs/10_output.jpg,-12.53216,5.72417,32.62561,-0.01455116,-0.04600334,0.1357918,9.979003,353.8834,-1.625416E-07,0,0,0,0.2164535,0.5927572,0.4225941
11,D:/TrainingData/Inputs/11_input.jpg,D:/TrainingData/Depth/11_synth_depth.png,D:/TrainingData/OFlow/11_synth_oflow.png,D:/TrainingData/Outputs/11_output.jpg,-12.54652,5.678784,32.75958,-0.01435661,-0.04538631,0.1339684,9.979004,353.8834,-1.083611E-07,0,0,0,0.2164535,0.5927571,0.4225941
12,D:/TrainingData/Inputs/12_input.jpg,D:/TrainingData/Depth/12_synth_depth.png,D:/TrainingData/OFlow/12_synth_oflow.png,D:/TrainingData/Outputs/12_output.jpg,-12.56724,5.613284,32.95292,-0.02071953,-0.06549978,0.1933441,9.979004,353.8834,-1.625416E-07,0,0,0,0.2164535,0.5927572,0.4225941
13,D:/TrainingData/Inputs/13_input.jpg,D:/TrainingData/Depth/13_synth_depth.png,D:/TrainingData/OFlow/13_synth_oflow.png,D:/TrainingData/Outputs/13_output.jpg,-12.58213,5.566226,33.09183,-0.01488495,-0.04705811,0.1389046,9.979005,353.8834,-1.625416E-07,0,0,0,0.2164535,0.5927571,0.4225941
14,D:/TrainingData/Inputs/14_input.jpg,D:/TrainingData/Depth/14_synth_depth.png,D:/TrainingData/OFlow/14_synth_oflow.png,D:/TrainingData/Outputs/14_output.jpg,-12.59667,5.516891,33.22754,-0.01454353,-0.04933453,0.1357117,9.979005,353.8834,-1.625416E-07,0,0,0,0.2164535,0.5927572,0.4225941
15,D:/TrainingData/Inputs/15_input.jpg,D:/TrainingData/Depth/15_synth_depth.png,D:/TrainingData/OFlow/15_synth_oflow.png,D:/TrainingData/Outputs/15_output.jpg,-12.61588,5.465546,33.3652,-0.01436043,-0.05304098,0.1377945,10.03734,354.05,-1.625708E-07,0,0,0,0.2193207,0.5917546,0.4227192
16,D:/TrainingData/Inputs/16_input.jpg,D:/TrainingData/Depth/16_synth_depth.png,D:/TrainingData/OFlow/16_synth_oflow.png,D:/TrainingData/Outputs/16_output.jpg,-12.64395,5.424515,33.50171,-0.01315689,-0.03957796,0.1383171,9.987342,354.5667,-2.709096E-07,0,0,0,0.228142,0.5926138,0.4237508
17,D:/TrainingData/Inputs/17_input.jpg,D:/TrainingData/Depth/17_synth_depth.png,D:/TrainingData/OFlow/17_synth_oflow.png,D:/TrainingData/Outputs/17_output.jpg,-12.66661,5.392788,33.63669,-0.01205349,-0.03172636,0.1359596,9.987341,354.9334,-1.896367E-07,0,0,0,0.2344179,0.5926138,0.4243275
18,D:/TrainingData/Inputs/18_input.jpg,D:/TrainingData/Depth/18_synth_depth.png,D:/TrainingData/OFlow/18_synth_oflow.png,D:/TrainingData/Outputs/18_output.jpg,-12.68334,5.361636,33.76995,-0.01142597,-0.03115225,0.133728,9.98734,355.1167,-2.167277E-07,0,0,0,0.2375574,0.5926139,0.4246008
19,D:/TrainingData/Inputs/19_input.jpg,D:/TrainingData/Depth/19_synth_depth.png,D:/TrainingData/OFlow/19_synth_oflow.png,D:/TrainingData/Outputs/19_output.jpg,-12.69574,5.330271,33.90456,-0.01142788,-0.03136539,0.1346817,9.987342,355.15,-2.438186E-07,0,0,0,0.2381283,0.5926138,0.4246494
20,D:/TrainingData/Inputs/20_input.jpg,D:/TrainingData/Depth/20_synth_depth.png,D:/TrainingData/OFlow/20_synth_oflow.png,D:/TrainingData/Outputs/20_output.jpg,-12.70835,5.299305,34.03746,-0.01117039,-0.03096533,0.1330299,9.987342,355.2,-2.438186E-07,0,0,0,0.2389846,0.5926138,0.4247217
21,D:/TrainingData/Inputs/21_input.jpg,D:/TrainingData/Depth/21_synth_depth.png,D:/TrainingData/OFlow/21_synth_oflow.png,D:/TrainingData/Outputs/21_output.jpg,-12.71996,5.26836,34.17039,-0.01112652,-0.03094578,0.1329651,9.987342,355.2167,-2.980006E-07,0,0,0,0.23927,0.5926138,0.4247456
22,D:/TrainingData/Inputs/22_input.jpg,D:/TrainingData/Depth/22_synth_depth.png,D:/TrainingData/OFlow/22_synth_oflow.png,D:/TrainingData/Outputs/22_output.jpg,-12.73127,5.234121,34.30557,-0.01131153,-0.03423834,0.1351814,9.987342,355.2167,-2.438186E-07,0,0,0,0.23927,0.5926138,0.4247456
23,D:/TrainingData/Inputs/23_input.jpg,D:/TrainingData/Depth/23_synth_depth.png,D:/TrainingData/OFlow/23_synth_oflow.png,D:/TrainingData/Outputs/23_output.jpg,-12.74255,5.203806,34.44033,-0.0112772,-0.0303154,0.1347656,9.987342,355.2167,-3.250915E-07,0,0,0,0.23927,0.5926138,0.4247456
24,D:/TrainingData/Inputs/24_input.jpg,D:/TrainingData/Depth/24_synth_depth.png,D:/TrainingData/OFlow/24_synth_oflow.png,D:/TrainingData/Outputs/24_output.jpg,-12.75384,5.184386,34.57522,-0.01128674,-0.01941967,0.1348839,9.987344,355.2167,-2.709096E-07,0,0,0,0.23927,0.5926138,0.4247456
25,D:/TrainingData/Inputs/25_input.jpg,D:/TrainingData/Depth/25_synth_depth.png,D:/TrainingData/OFlow/25_synth_oflow.png,D:/TrainingData/Outputs/25_output.jpg,-12.76534,5.1646,34.71264,-0.0114994,-0.01978636,0.1374245,9.987344,355.2167,-2.980006E-07,0,0,0,0.23927,0.5926138,0.4247456
26,D:/TrainingData/Inputs/26_input.jpg,D:/TrainingData/Depth/26_synth_depth.png,D:/TrainingData/OFlow/26_synth_oflow.png,D:/TrainingData/Outputs/26_output.jpg,-12.7765,5.145399,34.846,-0.01115894,-0.0192008,0.1333542,9.987344,355.2167,-2.709096E-07,0,0,0,0.23927,0.5926138,0.4247456
27,D:/TrainingData/Inputs/27_input.jpg,D:/TrainingData/Depth/27_synth_depth.png,D:/TrainingData/OFlow/27_synth_oflow.png,D:/TrainingData/Outputs/27_output.jpg,-12.78769,5.126143,34.97974,-0.01119137,-0.01925564,0.1337395,9.987344,355.2167,-2.980006E-07,0,0,0,0.23927,0.5926138,0.4247456
28,D:/TrainingData/Inputs/28_input.jpg,D:/TrainingData/Depth/28_synth_depth.png,D:/TrainingData/OFlow/28_synth_oflow.png,D:/TrainingData/Outputs/28_output.jpg,-12.79912,5.106478,35.11632,-0.01142979,-0.01966572,0.1365852,9.987345,355.2167,-2.980005E-07,0,0,0,0.23927,0.5926138,0.4247456
29,D:/TrainingData/Inputs/29_input.jpg,D:/TrainingData/Depth/29_synth_depth.png,D:/TrainingData/OFlow/29_synth_oflow.png,D:/TrainingData/Outputs/29_output.jpg,-12.81034,5.087175,35.25038,-0.01121807,-0.01930237,0.1340599,9.987346,355.2167,-3.250915E-07,0,0,0,0.23927,0.5926138,0.4247456
30,D:/TrainingData/Inputs/30_input.jpg,D:/TrainingData/Depth/30_synth_depth.png,D:/TrainingData/OFlow/30_synth_oflow.png,D:/TrainingData/Outputs/30_output.jpg,-12.82265,5.065577,35.3976,-0.01231861,-0.02159929,0.1472168,9.987345,355.2167,-2.980005E-07,0,0,0,0.23927,0.5926138,0.4247456
31,D:/TrainingData/Inputs/31_input.jpg,D:/TrainingData/Depth/31_synth_depth.png,D:/TrainingData/OFlow/31_synth_oflow.png,D:/TrainingData/Outputs/31_output.jpg,-12.83597,5.054078,35.53541,-0.01137447,-0.01198292,0.137867,10.00401,355.2834,-3.251082E-07,0,0,0,0.2404162,0.5923274,0.4247901
32,D:/TrainingData/Inputs/32_input.jpg,D:/TrainingData/Depth/32_synth_depth.png,D:/TrainingData/OFlow/32_synth_oflow.png,D:/TrainingData/Outputs/32_output.jpg,-12.85648,5.041797,35.67633,-0.01086044,-0.01228046,0.1416817,10.00401,355.6167,-2.980158E-07,0,0,0,0.2461274,0.5923274,0.4252447
33,D:/TrainingData/Inputs/33_input.jpg,D:/TrainingData/Depth/33_synth_depth.png,D:/TrainingData/OFlow/33_synth_oflow.png,D:/TrainingData/Outputs/33_output.jpg,-12.87217,5.031565,35.81111,-0.009898186,-0.009748459,0.1353264,9.987344,355.8167,-3.250915E-07,0,0,0,0.2495517,0.5926138,0.4255518
34,D:/TrainingData/Inputs/34_input.jpg,D:/TrainingData/Depth/34_synth_depth.png,D:/TrainingData/OFlow/34_synth_oflow.png,D:/TrainingData/Outputs/34_output.jpg,-12.88483,5.02225,35.94136,-0.009277344,-0.009314537,0.1304932,9.987347,355.9333,-3.250915E-07,0,0,0,0.2515518,0.5926138,0.425696
35,D:/TrainingData/Inputs/35_input.jpg,D:/TrainingData/Depth/35_synth_depth.png,D:/TrainingData/OFlow/35_synth_oflow.png,D:/TrainingData/Outputs/35_output.jpg,-12.89871,5.01271,36.07374,-0.009047508,-0.009540558,0.1327171,9.987345,356.1,-3.250915E-07,0,0,0,0.2544096,0.5926138,0.425895
36,D:/TrainingData/Inputs/36_input.jpg,D:/TrainingData/Depth/36_synth_depth.png,D:/TrainingData/OFlow/36_synth_oflow.png,D:/TrainingData/Outputs/36_output.jpg,-12.91616,5.004811,36.20524,-0.008249283,-0.009593964,0.1317253,10.04568,356.4167,-3.793416E-07,0,0,0,0.2598521,0.5916112,0.4260734
37,D:/TrainingData/Inputs/37_input.jpg,D:/TrainingData/Depth/37_synth_depth.png,D:/TrainingData/OFlow/37_synth_oflow.png,D:/TrainingData/Outputs/37_output.jpg,-12.95396,4.99429,36.42643,-0.01021004,-0.01366711,0.2219887,10.15401,357.3667,-3.523645E-07,0,0,0,0.2761695,0.5897498,0.4266275
38,D:/TrainingData/Inputs/38_input.jpg,D:/TrainingData/Depth/38_synth_depth.png,D:/TrainingData/OFlow/38_synth_oflow.png,D:/TrainingData/Outputs/38_output.jpg,-12.97259,4.988512,36.56037,-0.005069733,-0.007956028,0.1340179,10.229,357.8333,-3.66003E-07,0,0,0,0.2841884,0.5884615,0.4267318
39,D:/TrainingData/Inputs/39_input.jpg,D:/TrainingData/Depth/39_synth_depth.png,D:/TrainingData/OFlow/39_synth_oflow.png,D:/TrainingData/Outputs/39_output.jpg,-12.98604,4.981968,36.69213,-0.004256248,-0.007994175,0.1317558,10.279,358.15,-3.525031E-07,0,0,0,0.289629,0.5876029,0.4267672
40,D:/TrainingData/Inputs/40_input.jpg,D:/TrainingData/Depth/40_synth_depth.png,D:/TrainingData/OFlow/40_synth_oflow.png,D:/TrainingData/Outputs/40_output.jpg,-12.99838,4.974654,36.8263,-0.003631592,-0.008281708,0.1342049,10.31233,358.45,-3.660995E-07,0,0,0,0.2947815,0.5870304,0.426816
41,D:/TrainingData/Inputs/41_input.jpg,D:/TrainingData/Depth/41_synth_depth.png,D:/TrainingData/OFlow/41_synth_oflow.png,D:/TrainingData/Outputs/41_output.jpg,-13.00799,4.966244,36.96865,-0.003314018,-0.008893967,0.1424065,10.32899,358.6667,-3.796789E-07,0,0,0,0.298502,0.5867443,0.4268576
42,D:/TrainingData/Inputs/42_input.jpg,D:/TrainingData/Depth/42_synth_depth.png,D:/TrainingData/OFlow/42_synth_oflow.png,D:/TrainingData/Outputs/42_output.jpg,-13.01247,4.958506,37.10392,-0.003027916,-0.008463383,0.135128,10.35399,358.7167,-3.661481E-07,0,0,0,0.299362,0.5863152,0.4267989
43,D:/TrainingData/Inputs/43_input.jpg,D:/TrainingData/Depth/43_synth_depth.png,D:/TrainingData/OFlow/43_synth_oflow.png,D:/TrainingData/Outputs/43_output.jpg,-13.01679,4.950367,37.23738,-0.002872467,-0.008380413,0.1334457,10.36233,358.7667,-3.729385E-07,0,0,0,0.3002208,0.586172,0.4267915
44,D:/TrainingData/Inputs/44_input.jpg,D:/TrainingData/Depth/44_synth_depth.png,D:/TrainingData/OFlow/44_synth_oflow.png,D:/TrainingData/Outputs/44_output.jpg,-13.03078,4.942616,37.3701,-0.001893044,-0.008234501,0.1328201,10.37899,359.1833,-3.661773E-07,0,0,0,0.3073739,0.5858859,0.4268672
45,D:/TrainingData/Inputs/45_input.jpg,D:/TrainingData/Depth/45_synth_depth.png,D:/TrainingData/OFlow/45_synth_oflow.png,D:/TrainingData/Outputs/45_output.jpg,-13.05313,4.934736,37.50018,-0.0001144409,-0.007638454,0.1303101,10.37065,359.95,-3.67439E-07,0,0,0,0.3205352,0.5860291,0.426993
46,D:/TrainingData/Inputs/46_input.jpg,D:/TrainingData/Depth/46_synth_depth.png,D:/TrainingData/OFlow/46_synth_oflow.png,D:/TrainingData/Outputs/46_output.jpg,-13.07774,4.924193,37.63152,0.001984596,-0.01030111,0.1311989,10.36232,0.8666524,-3.661578E-07,0,0,0,0.3362724,0.5861722,0.4269069
47,D:/TrainingData/Inputs/47_input.jpg,D:/TrainingData/Depth/47_synth_depth.png,D:/TrainingData/OFlow/47_synth_oflow.png,D:/TrainingData/Outputs/47_output.jpg,-13.10883,4.913552,37.76018,0.004684448,-0.01064062,0.1277351,10.36232,2.099975,-3.525964E-07,0,0,0,0.3574394,0.5861722,0.4263589
48,D:/TrainingData/Inputs/48_input.jpg,D:/TrainingData/Depth/48_synth_depth.png,D:/TrainingData/OFlow/48_synth_oflow.png,D:/TrainingData/Outputs/48_output.jpg,-13.12684,4.901175,37.88996,0.006646156,-0.01116848,0.1289711,10.32065,2.949967,-3.525496E-07,0,0,0,0.372025,0.5868876,0.4258463
49,D:/TrainingData/Inputs/49_input.jpg,D:/TrainingData/Depth/49_synth_depth.png,D:/TrainingData/OFlow/49_synth_oflow.png,D:/TrainingData/Outputs/49_output.jpg,-13.14295,4.889157,38.01959,0.008520126,-0.01153374,0.1282845,10.30399,3.799959,-3.254132E-07,0,0,0,0.3865982,0.5871738,0.4250391
50,D:/TrainingData/Inputs/50_input.jpg,D:/TrainingData/Depth/50_synth_depth.png,D:/TrainingData/OFlow/50_synth_oflow.png,D:/TrainingData/Outputs/50_output.jpg,-13.15936,4.876688,38.14963,0.01060963,-0.0119853,0.1281319,10.28732,4.733282,-3.796286E-07,0,0,0,0.4025847,0.5874599,0.4238985
51,D:/TrainingData/Inputs/51_input.jpg,D:/TrainingData/Depth/51_synth_depth.png,D:/TrainingData/OFlow/51_synth_oflow.png,D:/TrainingData/Outputs/51_output.jpg,-13.16632,4.863416,38.28167,0.01233482,-0.01254702,0.130497,10.26232,5.399939,-3.253703E-07,0,0,0,0.4139956,0.5878892,0.422965
52,D:/TrainingData/Inputs/52_input.jpg,D:/TrainingData/Depth/52_synth_depth.png,D:/TrainingData/OFlow/52_synth_oflow.png,D:/TrainingData/Outputs/52_output.jpg,-13.17967,4.852641,38.41097,0.01406384,-0.0112586,0.1263695,10.27899,6.349934,-4.338499E-07,0,0,0,0.4302193,0.587603,0.4212434
53,D:/TrainingData/Inputs/53_input.jpg,D:/TrainingData/Depth/53_synth_depth.png,D:/TrainingData/OFlow/53_synth_oflow.png,D:/TrainingData/Outputs/53_output.jpg,-13.19232,4.841326,38.53978,0.01610565,-0.01349163,0.1248627,10.35398,7.349927,-3.25465E-07,0,0,0,0.4472395,0.5863153,0.4189628
54,D:/TrainingData/Inputs/54_input.jpg,D:/TrainingData/Depth/54_synth_depth.png,D:/TrainingData/OFlow/54_synth_oflow.png,D:/TrainingData/Outputs/54_output.jpg,-13.20972,4.831189,38.67022,0.01887512,-0.01352167,0.1245651,10.47065,8.616585,-3.798512E-07,0,0,0,0.4687205,0.5843127,0.4155787
55,D:/TrainingData/Inputs/55_input.jpg,D:/TrainingData/Depth/55_synth_depth.png,D:/TrainingData/OFlow/55_synth_oflow.png,D:/TrainingData/Outputs/55_output.jpg,-13.22289,4.824852,38.80345,0.02196503,-0.01068592,0.126503,10.62065,9.84991,-3.257455E-07,0,0,0,0.489531,0.5817388,0.4117103
56,D:/TrainingData/Inputs/56_input.jpg,D:/TrainingData/Depth/56_synth_depth.png,D:/TrainingData/OFlow/56_synth_oflow.png,D:/TrainingData/Outputs/56_output.jpg,-13.22481,4.817491,38.93798,0.02453899,-0.01098347,0.128849,10.74565,10.78323,-4.34506E-07,0,0,0,0.5052068,0.579595,0.4084458
57,D:/TrainingData/Inputs/57_input.jpg,D:/TrainingData/Depth/57_synth_depth.png,D:/TrainingData/OFlow/57_synth_oflow.png,D:/TrainingData/Outputs/57_output.jpg,-13.20715,4.808056,39.06408,0.02424812,-0.01064205,0.1245499,10.78732,11.01656,-2.172831E-07,0,0,0,0.5091096,0.5788805,0.4075558
58,D:/TrainingData/Inputs/58_input.jpg,D:/TrainingData/Depth/58_synth_depth.png,D:/TrainingData/OFlow/58_synth_oflow.png,D:/TrainingData/Outputs/58_output.jpg,-13.17871,4.791474,39.27406,0.04208374,-0.01827145,0.206852,10.84565,11.49988,-3.259881E-07,0,0,0,0.5171986,0.5778804,0.4057509
59,D:/TrainingData/Inputs/59_input.jpg,D:/TrainingData/Depth/59_synth_depth.png,D:/TrainingData/OFlow/59_synth_oflow.png,D:/TrainingData/Outputs/59_output.jpg,-13.16552,4.7782,39.39931,0.02585411,-0.01520443,0.1221619,10.91232,11.94988,0,0,0,0,0.5247058,0.5767378,0.4039685
60,D:/TrainingData/Inputs/60_input.jpg,D:/TrainingData/Depth/60_synth_depth.png,D:/TrainingData/OFlow/60_synth_oflow.png,D:/TrainingData/Outputs/60_output.jpg,-13.14189,4.770271,39.52175,0.02596664,-0.008411407,0.1218185,10.92898,12.03321,-2.173862E-07,0,0,0,0.5260913,0.5764523,0.4036179
61,D:/TrainingData/Inputs/61_input.jpg,D:/TrainingData/Depth/61_synth_depth.png,D:/TrainingData/OFlow/61_synth_oflow.png,D:/TrainingData/Outputs/61_output.jpg,-13.12279,4.763114,39.64769,0.02704811,-0.008605003,0.1238785,10.97898,12.31654,-2.174229E-07,0,0,0,0.530802,0.5755956,0.4024319
62,D:/TrainingData/Inputs/62_input.jpg,D:/TrainingData/Depth/62_synth_depth.png,D:/TrainingData/OFlow/62_synth_oflow.png,D:/TrainingData/Outputs/62_output.jpg,-13.11638,4.758564,39.78696,0.03107548,-0.009371758,0.1324921,11.14564,13.19987,-3.263198E-07,0,0,0,0.5454355,0.5727408,0.3985463
63,D:/TrainingData/Inputs/63_input.jpg,D:/TrainingData/Depth/63_synth_depth.png,D:/TrainingData/OFlow/63_synth_oflow.png,D:/TrainingData/Outputs/63_output.jpg,-13.08809,4.750144,39.90953,0.0287466,-0.008661747,0.122406,11.15398,13.21653,-2.175528E-07,0,0,0,0.5457069,0.5725981,0.3984537
64,D:/TrainingData/Inputs/64_input.jpg,D:/TrainingData/Depth/64_synth_depth.png,D:/TrainingData/OFlow/64_synth_oflow.png,D:/TrainingData/Outputs/64_output.jpg,-13.06696,4.74297,40.03645,0.02994156,-0.008860588,0.1243973,11.21231,13.53319,0,0,0,0,0.5509359,0.5715993,0.3970074
65,D:/TrainingData/Inputs/65_input.jpg,D:/TrainingData/Depth/65_synth_depth.png,D:/TrainingData/OFlow/65_synth_oflow.png,D:/TrainingData/Outputs/65_output.jpg,-13.05895,4.73439,40.17019,0.03248787,-0.01363802,0.1263809,11.38731,14.41652,0,0,0,0,0.5654619,0.5686042,0.3927757
66,D:/TrainingData/Inputs/66_input.jpg,D:/TrainingData/Depth/66_synth_depth.png,D:/TrainingData/OFlow/66_synth_oflow.png,D:/TrainingData/Outputs/66_output.jpg,-13.0429,4.717926,40.33708,0.04355621,-0.02272177,0.1579514,11.60398,15.4165,-2.178969E-07,0,0,0,0.5817943,0.5648985,0.3876451
67,D:/TrainingData/Inputs/67_input.jpg,D:/TrainingData/Depth/67_synth_depth.png,D:/TrainingData/OFlow/67_synth_oflow.png,D:/TrainingData/Outputs/67_output.jpg,-13.00368,4.705689,40.49403,0.04328442,-0.01391983,0.1553802,11.66231,15.5665,-1.089713E-07,0,0,0,0.5842106,0.5639013,0.3867623
68,D:/TrainingData/Inputs/68_input.jpg,D:/TrainingData/Depth/68_synth_depth.png,D:/TrainingData/OFlow/68_synth_oflow.png,D:/TrainingData/Outputs/68_output.jpg,-12.96154,4.701087,40.65175,0.04397488,-0.004842758,0.1571465,11.67065,15.63317,-1.089746E-07,0,0,0,0.5853002,0.5637589,0.3864276
69,D:/TrainingData/Inputs/69_input.jpg,D:/TrainingData/Depth/69_synth_depth.png,D:/TrainingData/OFlow/69_synth_oflow.png,D:/TrainingData/Outputs/69_output.jpg,-12.93121,4.694109,40.87443,0.06447601,-0.007218361,0.2126617,11.67898,16.8665,0,0,0,0,0.6055297,0.5636163,0.3805006
70,D:/TrainingData/Inputs/70_input.jpg,D:/TrainingData/Depth/70_synth_depth.png,D:/TrainingData/OFlow/70_synth_oflow.png,D:/TrainingData/Outputs/70_output.jpg,-12.89237,4.676507,41.0295,0.04712105,-0.01760197,0.1525421,11.67898,17.1665,-1.089779E-07,0,0,0,0.6104327,0.5636163,0.3790001
71,D:/TrainingData/Inputs/71_input.jpg,D:/TrainingData/Depth/71_synth_depth.png,D:/TrainingData/OFlow/71_synth_oflow.png,D:/TrainingData/Outputs/71_output.jpg,-12.86144,4.654497,41.19128,0.05019188,-0.02201033,0.1557045,11.67898,17.86649,0,0,0,0,0.6218421,0.5636163,0.3753991
72,D:/TrainingData/Inputs/72_input.jpg,D:/TrainingData/Depth/72_synth_depth.png,D:/TrainingData/OFlow/72_synth_oflow.png,D:/TrainingData/Outputs/72_output.jpg,-12.81579,4.632397,41.34843,0.05067825,-0.02209997,0.1555138,11.67898,18.04982,-2.179557E-07,0,0,0,0.6248231,0.5636163,0.3744329
73,D:/TrainingData/Inputs/73_input.jpg,D:/TrainingData/Depth/73_synth_depth.png,D:/TrainingData/OFlow/73_synth_oflow.png,D:/TrainingData/Outputs/73_output.jpg,-12.76558,4.624377,41.50811,0.0519886,-0.008740902,0.158905,11.70398,18.11649,-2.179754E-07,0,0,0,0.6258787,0.5631891,0.3739952
74,D:/TrainingData/Inputs/74_input.jpg,D:/TrainingData/Depth/74_synth_depth.png,D:/TrainingData/OFlow/74_synth_oflow.png,D:/TrainingData/Outputs/74_output.jpg,-12.71552,4.628447,41.66112,0.05006123,0.004069805,0.1530113,11.70398,18.11649,-2.179754E-07,0,0,0,0.6258787,0.5631891,0.3739952
75,D:/TrainingData/Inputs/75_input.jpg,D:/TrainingData/Depth/75_synth_depth.png,D:/TrainingData/OFlow/75_synth_oflow.png,D:/TrainingData/Outputs/75_output.jpg,-12.66377,4.614722,41.81929,0.05174828,-0.0137248,0.1581726,11.70398,18.11649,0,0,0,0,0.6258787,0.5631891,0.3739952
76,D:/TrainingData/Inputs/76_input.jpg,D:/TrainingData/Depth/76_synth_depth.png,D:/TrainingData/OFlow/76_synth_oflow.png,D:/TrainingData/Outputs/76_output.jpg,-12.61354,4.599679,41.97282,0.05023098,-0.01504278,0.1535301,11.70398,18.11648,0,0,0,0,0.6258786,0.5631891,0.3739952
77,D:/TrainingData/Inputs/77_input.jpg,D:/TrainingData/Depth/77_synth_depth.png,D:/TrainingData/OFlow/77_synth_oflow.png,D:/TrainingData/Outputs/77_output.jpg,-12.56359,4.584721,42.12549,0.04994965,-0.01495886,0.1526718,11.70398,18.11648,0,0,0,0,0.6258786,0.5631891,0.3739952
78,D:/TrainingData/Inputs/78_input.jpg,D:/TrainingData/Depth/78_synth_depth.png,D:/TrainingData/OFlow/78_synth_oflow.png,D:/TrainingData/Outputs/78_output.jpg,-12.51377,4.569803,42.27774,0.04981232,-0.01491785,0.1522522,11.70398,18.11648,0,0,0,0,0.6258786,0.5631891,0.3739952
79,D:/TrainingData/Inputs/79_input.jpg,D:/TrainingData/Depth/79_synth_depth.png,D:/TrainingData/OFlow/79_synth_oflow.png,D:/TrainingData/Outputs/79_output.jpg,-12.46472,4.558969,42.42769,0.04905796,-0.01083374,0.1499481,11.70398,18.11648,0,0,0,0,0.6258786,0.5631891,0.3739952
80,D:/TrainingData/Inputs/80_input.jpg,D:/TrainingData/Depth/80_synth_depth.png,D:/TrainingData/OFlow/80_synth_oflow.png,D:/TrainingData/Outputs/80_output.jpg,-12.41619,4.564499,42.58435,0.0513382,0.006491661,0.1559944,11.67065,18.21649,2.179492E-07,0,0,0,0.6275393,0.5637589,0.3735743
81,D:/TrainingData/Inputs/81_input.jpg,D:/TrainingData/Depth/81_synth_depth.png,D:/TrainingData/OFlow/81_synth_oflow.png,D:/TrainingData/Outputs/81_output.jpg,-12.37407,4.573174,42.73603,0.04992676,0.009155273,0.1492157,11.65399,18.49981,0,0,0,0,0.6321543,0.5640436,0.3721048
82,D:/TrainingData/Inputs/82_input.jpg,D:/TrainingData/Depth/82_synth_depth.png,D:/TrainingData/OFlow/82_synth_oflow.png,D:/TrainingData/Outputs/82_output.jpg,-12.33055,4.58183,42.88937,0.05130005,0.00913763,0.1508408,11.63733,18.78314,2.17923E-07,0,0,0,0.6367621,0.5643284,0.3706124
83,D:/TrainingData/Inputs/83_input.jpg,D:/TrainingData/Depth/83_synth_depth.png,D:/TrainingData/OFlow/83_synth_oflow.png,D:/TrainingData/Outputs/83_output.jpg,-12.28129,4.590587,43.04366,0.05249023,0.009237766,0.1533127,11.62066,18.89981,0,0,0,0,0.6386687,0.5646133,0.3700237
84,D:/TrainingData/Inputs/84_input.jpg,D:/TrainingData/Depth/84_synth_depth.png,D:/TrainingData/OFlow/84_synth_oflow.png,D:/TrainingData/Outputs/84_output.jpg,-12.24188,4.595856,43.19901,0.0530405,0.005268574,0.1506157,11.62066,19.3998,2.1791E-07,0,0,0,0.6467434,0.5646132,0.3672197
85,D:/TrainingData/Inputs/85_input.jpg,D:/TrainingData/Depth/85_synth_depth.png,D:/TrainingData/OFlow/85_synth_oflow.png,D:/TrainingData/Outputs/85_output.jpg,-12.19933,4.580764,43.35384,0.05432987,-0.01509142,0.1506348,11.62066,19.83313,0,0,0,0,0.6537213,0.5646132,0.3647327
86,D:/TrainingData/Inputs/86_input.jpg,D:/TrainingData/Depth/86_synth_depth.png,D:/TrainingData/OFlow/86_synth_oflow.png,D:/TrainingData/Outputs/86_output.jpg,-12.14915,4.584908,43.50195,0.05334473,0.004144192,0.1469612,11.62066,19.9498,0,0,0,0,0.6555969,0.5646132,0.3640541
87,D:/TrainingData/Inputs/87_input.jpg,D:/TrainingData/Depth/87_synth_depth.png,D:/TrainingData/OFlow/87_synth_oflow.png,D:/TrainingData/Outputs/87_output.jpg,-12.09674,4.604231,43.65019,0.05377388,0.01932287,0.147747,11.62066,19.99979,2.1791E-07,0,0,0,0.6564001,0.5646132,0.3637621
88,D:/TrainingData/Inputs/88_input.jpg,D:/TrainingData/Depth/88_synth_depth.png,D:/TrainingData/OFlow/88_synth_oflow.png,D:/TrainingData/Outputs/88_output.jpg,-12.04313,4.623759,43.80003,0.05451488,0.01952791,0.1495094,11.62066,20.03313,0,0,0,0,0.6569356,0.5646133,0.3635671
89,D:/TrainingData/Inputs/89_input.jpg,D:/TrainingData/Depth/89_synth_depth.png,D:/TrainingData/OFlow/89_synth_oflow.png,D:/TrainingData/Outputs/89_output.jpg,-12.00079,4.638368,43.91754,0.04276657,0.01436853,0.1172905,11.629,20.04979,2.179165E-07,0,0,0,0.6571932,0.5644708,0.3634419
90,D:/TrainingData/Inputs/90_input.jpg,D:/TrainingData/Depth/90_synth_depth.png,D:/TrainingData/OFlow/90_synth_oflow.png,D:/TrainingData/Outputs/90_output.jpg,-11.96708,4.636992,44.00999,0.03371334,-0.001376629,0.09245682,11.629,20.04979,2.179165E-07,0,0,0,0.6571932,0.5644708,0.3634419
91,D:/TrainingData/Inputs/91_input.jpg,D:/TrainingData/Depth/91_synth_depth.png,D:/TrainingData/OFlow/91_synth_oflow.png,D:/TrainingData/Outputs/91_output.jpg,-11.94022,4.635517,44.08367,0.02686214,-0.00147438,0.07367325,11.629,20.04979,2.179165E-07,0,0,0,0.6571932,0.5644708,0.3634419
92,D:/TrainingData/Inputs/92_input.jpg,D:/TrainingData/Depth/92_synth_depth.png,D:/TrainingData/OFlow/92_synth_oflow.png,D:/TrainingData/Outputs/92_output.jpg,-11.91946,4.634377,44.14059,0.02075672,-0.001139641,0.05692291,11.629,20.04979,2.179165E-07,0,0,0,0.6571932,0.5644708,0.3634419
93,D:/TrainingData/Inputs/93_input.jpg,D:/TrainingData/Depth/93_synth_depth.png,D:/TrainingData/OFlow/93_synth_oflow.png,D:/TrainingData/Outputs/93_output.jpg,-11.90292,4.63347,44.18595,0.01653862,-0.0009078979,0.04536057,11.629,20.04979,2.179165E-07,0,0,0,0.6571932,0.5644708,0.3634419
94,D:/TrainingData/Inputs/94_input.jpg,D:/TrainingData/Depth/94_synth_depth.png,D:/TrainingData/OFlow/94_synth_oflow.png,D:/TrainingData/Outputs/94_output.jpg,-11.89004,4.632762,44.22126,0.01287651,-0.0007071495,0.03531265,11.629,20.04979,2.179165E-07,0,0,0,0.6571932,0.5644708,0.3634419
95,D:/TrainingData/Inputs/95_input.jpg,D:/TrainingData/Depth/95_synth_depth.png,D:/TrainingData/OFlow/95_synth_oflow.png,D:/TrainingData/Outputs/95_output.jpg,-11.87983,4.632201,44.24929,0.01021767,-0.0005612373,0.02802277,11.629,20.04979,2.179165E-07,0,0,0,0.6571932,0.5644708,0.3634419
96,D:/TrainingData/Inputs/96_input.jpg,D:/TrainingData/Depth/96_synth_depth.png,D:/TrainingData/OFlow/96_synth_oflow.png,D:/TrainingData/Outputs/96_output.jpg,-11.88155,4.62428,44.27408,0.00839901,-0.0004606247,0.02303696,11.37067,20.39979,0,0,0,0,0.6631207,0.5688889,0.362216
97,D:/TrainingData/Inputs/97_input.jpg,D:/TrainingData/Depth/97_synth_depth.png,D:/TrainingData/OFlow/97_synth_oflow.png,D:/TrainingData/Outputs/97_output.jpg,-11.87943,4.61186,44.29121,0.006752014,-0.0003705025,0.01852036,10.954,20.53312,0,0,0,0,0.6657519,0.5760236,0.3627367
98,D:/TrainingData/Inputs/98_input.jpg,D:/TrainingData/Depth/98_synth_depth.png,D:/TrainingData/OFlow/98_synth_oflow.png,D:/TrainingData/Outputs/98_output.jpg,-11.88074,4.59611,44.30463,0.005382538,-0.0002951622,0.01475906,10.42067,20.73311,0,0,0,0,0.6695702,0.5851704,0.3631435
99,D:/TrainingData/Inputs/99_input.jpg,D:/TrainingData/Depth/99_synth_depth.png,D:/TrainingData/OFlow/99_synth_oflow.png,D:/TrainingData/Outputs/99_output.jpg,-11.87679,4.592007,44.31551,0.004262924,-0.0002346039,0.01169205,10.28735,20.73311,2.169307E-07,0,0,0,0.6697183,0.5874594,0.3635346
100,D:/TrainingData/Inputs/100_input.jpg,D:/TrainingData/Depth/100_synth_depth.png,D:/TrainingData/OFlow/100_synth_oflow.png,D:/TrainingData/Outputs/100_output.jpg,-11.8734,4.591821,44.32481,0.00339222,-0.0001864433,0.009300232,10.28735,20.73311,2.169307E-07,0,0,0,0.6697183,0.5874594,0.3635346
101,D:/TrainingData/Inputs/101_input.jpg,D:/TrainingData/Depth/101_synth_depth.png,D:/TrainingData/OFlow/101_synth_oflow.png,D:/TrainingData/Outputs/101_output.jpg,-11.87065,4.59167,44.33236,0.002753258,-0.0001506805,0.007553101,10.28735,20.73311,2.169307E-07,0,0,0,0.6697183,0.5874594,0.3635346
102,D:/TrainingData/Inputs/102_input.jpg,D:/TrainingData/Depth/102_synth_depth.png,D:/TrainingData/OFlow/102_synth_oflow.png,D:/TrainingData/Outputs/102_output.jpg,-11.87484,4.579203,44.33794,0.002218246,-0.0001215935,0.006084442,9.862358,20.93311,1.083225E-07,0,0,0,0.6733918,0.5947626,0.3635252
103,D:/TrainingData/Inputs/103_input.jpg,D:/TrainingData/Depth/103_synth_depth.png,D:/TrainingData/OFlow/103_synth_oflow.png,D:/TrainingData/Outputs/103_output.jpg,-11.89852,4.547793,44.34567,0.001749039,-9.632111E-05,0.004795074,8.78737,21.7831,1.079893E-07,0,0,0,0.688132,0.6132764,0.361025
104,D:/TrainingData/Inputs/104_input.jpg,D:/TrainingData/Depth/104_synth_depth.png,D:/TrainingData/OFlow/104_synth_oflow.png,D:/TrainingData/Outputs/104_output.jpg,-11.91083,4.490345,44.34571,0.001991272,-0.0001096725,0.005466461,6.829057,22.16643,3.224528E-07,0,0,0,0.6960152,0.6471369,0.362851
105,D:/TrainingData/Inputs/105_input.jpg,D:/TrainingData/Depth/105_synth_depth.png,D:/TrainingData/OFlow/105_synth_oflow.png,D:/TrainingData/Outputs/105_output.jpg,-11.90766,4.480249,44.34599,0.001048088,-5.722046E-05,0.002876282,6.487396,22.06642,3.222284E-07,0,0,0,0.6946695,0.6530598,0.3641442
106,D:/TrainingData/Inputs/106_input.jpg,D:/TrainingData/Depth/106_synth_depth.png,D:/TrainingData/OFlow/106_synth_oflow.png,D:/TrainingData/Outputs/106_output.jpg,-11.90148,4.477997,44.34582,0.0008573532,-4.768372E-05,0.002349854,6.412404,21.86643,4.295744E-07,0,0,0,0.6915077,0.6543604,0.3655781
107,D:/TrainingData/Inputs/107_input.jpg,D:/TrainingData/Depth/107_synth_depth.png,D:/TrainingData/OFlow/107_synth_oflow.png,D:/TrainingData/Outputs/107_output.jpg,-11.90077,4.477959,44.34776,0.0007066727,-3.814697E-05,0.001937866,6.412404,21.86643,4.295744E-07,0,0,0,0.6915077,0.6543604,0.3655781
